"Site","Datetime","range_WT","Solar_daily","WL_daily_max","WL_min_7day","Air_tmax_7day","Air_tmin_7day","GWT_min","ppt_7day","Air_trange","WL_daily_range","GWT_range","GWL_range","Water_area_m2_3d"
"Pint","6/1/2024",0.971,23.91551895,0.342694,0.320869,13.94286,2.457143,9.077,7.29,19.1,0.039454,0,0.043,670.2
"Pint","6/2/2024",0.485,8.631360132,0.516255,0.320604,15.25714,3.285714,9.077,5.53,9.3,0.197115,0.099,0.053,714.6
"Pint","6/3/2024",0.389,14.45472026,0.534223,0.331858,14.55714,4.1,9.176,36.01,3.5,0.141267,0,0.032,718.2
"Pint","6/4/2024",0.683,8.303039868,0.399407,0.336777,13.1,4.114286,9.176,47.33,4.8,0.026444,0.099,0.027,721.8
"Pint","6/5/2024",1.653,30.18815947,0.397992,0.334297,13.24286,4.3,9.275,46.14,6.3,0.058868,0,0.043,725.4
"Pint","6/6/2024",1.455,30.024,0.387784,0.335649,14.85714,4.814286,9.275,44.09,14.4,0.060303,0,0.054,640.8
"Pint","6/7/2024",1.451,30.09311895,0.383613,0.338423,16.37143,5.628571,9.275,44.09,17.8,0.069558,0.098,0.061,528
"Pint","6/8/2024",0.964,25.51391895,0.372344,0.340257,17.14286,6.528571,9.373,44.09,18.2,0.056265,0,0.05,420
"Pint","6/9/2024",0.866,29.86848105,0.363301,0.339057,18.21429,6.857143,9.373,44.09,14.5,0.052561,0.099,0.044,405
"Pint","6/10/2024",0.769,30.30048105,0.360446,0.326017,19.45714,6.942857,9.472,13.61,11.6,0.058772,0,0.055,423
"Pint","6/11/2024",0.866,24.14015947,0.354186,0.316859,21.44286,7.5,9.571,2.29,14.8,0.045328,0,0.047,424
"Pint","6/12/2024",1.059,30.98304053,0.349381,0.311662,22.41429,7.257143,9.571,0.44,14.8,0.046635,0.098,0.05,408
"Pint","6/13/2024",1.061,23.3712,0.344966,0.306642,22.34286,6.8,9.669,0.44,17.1,0.052622,0.099,0.055,375
"Pint","6/14/2024",0.675,27.63935947,0.340116,0.304344,21.94286,6.171429,9.768,0.44,19.4,0.042152,0.098,0.044,353.4285714
"Pint","6/15/2024",0.774,14.7312,0.393037,0.304067,20.4,5.3,9.866,2.92,13.5,0.078896,0.099,0.032,343.2857143
"Pint","6/16/2024",0.68,26.80128105,0.385289,0.306305,17.98571,4.214286,9.965,14.39,5.2,0.058879,0,0.034,344.5714286
"Pint","6/17/2024",0.584,14.07455947,0.357626,0.31233,16.61429,3.257143,9.965,17.74,8.7,0.013776,0.098,0.014,345.8571429
"Pint","6/18/2024",0.78,30.82751895,0.344361,0.310584,14.62857,2.442857,10.063,19.64,6.6,0.047729,0,0.047,347.1428571
"Pint","6/19/2024",0.582,30.66335947,0.331387,0.306924,14.51429,2.142857,10.063,19.2,16.1,0.05426,0,0.063,348.4285714
"Pint","6/20/2024",0.677,30.00671895,0.315555,0.302345,15.01429,2.671429,10.063,19.2,16.9,0.055266,0,0.067,349.7142857
"Pint","6/21/2024",0.483,29.88575947,0.316358,0.296154,15.4,3.842857,10.063,19.2,13.9,0.061728,0,0.067,308.5714286
"Pint","6/22/2024",0.385,28.79711895,0.309201,0.287659,17.04286,5.057143,10.063,16.72,16.5,0.054523,0,0.066,225
"Pint","6/23/2024",0.384,30.24,0.297637,0.279604,19.6,6.171429,10.063,5.25,15.3,0.027618,0.098,0.037,126
"Pint","6/24/2024",0.48,30.48191895,0.308354,0.267918,20.64286,6.785714,10.161,2.81,11.7,0.046304,0.098,0.051,54
"Pint","6/25/2024",0.288,30.36095947,0.306602,0.260672,22.47143,7.014286,10.259,0.91,17.8,0.060688,0,0.073,24.75
"Pint","6/26/2024",0.288,24.9696,0.292709,0.258914,23.85714,7.942857,10.259,0.91,19.3,0.027887,0.098,0.032,11.25
"Pint","6/27/2024",0.384,19.7856,0.308765,0.262011,23.04286,8.028571,10.357,1.27,10.6,0.0268,0.098,0.027,13.5
"Pint","6/28/2024",0.385,29.78208105,0.307559,0.262208,21.41429,7.385714,10.455,1.54,7,0.051547,0.098,0.058,15.75
"Pint","6/29/2024",0.096,19.76832026,0.295823,0.262563,20.61429,6.757143,10.553,1.54,15.3,0.038661,0.098,0.049,22.5
"Pint","6/30/2024",0.192,25.65215947,0.290142,0.261888,19.95714,6.685714,10.651,1.87,11.2,0.024846,0,0.034,33.75
"Pint","7/1/2024",0.192,29.12544053,0.292231,0.260742,20.05714,7.271429,10.651,1.62,8.3,0.038203,0.097,0.055,49.5
"Pint","7/2/2024",0.096,30.20544053,0.29422,0.261671,19.77143,7.885714,10.748,1.62,11.5,0.041809,0.098,0.057,65.25
"Pint","7/3/2024",0.192,30.25728105,0.296686,0.259219,18.65714,7.657143,10.846,1.62,13.1,0.049025,0,0.062,81.75
"Pint","7/4/2024",0.288,30.0672,0.299522,0.252799,19.52857,7.614286,10.846,1.26,17,0.062501,0.098,0.079,82.5
"Pint","7/5/2024",0.288,30.20544053,0.278161,0.249018,21.84286,7.928571,10.944,0.99,21,0.048616,0.097,0.071,67.5
"Pint","7/6/2024",0.383,30.33504053,0.274532,0.244903,23.47143,8.928571,11.041,0.99,19.7,0.046175,0,0.078,46.5
"Pint","7/7/2024",0.287,30.08448105,0.260251,0.238934,25.12857,9.6,11.041,0.66,18.1,0.036737,0.098,0.075,33
"Pint","7/8/2024",0.287,29.58335947,0.258714,0.234191,27.11429,10.17143,11.139,0,18.2,0.037883,0.097,0.076,30
"Pint","7/9/2024",0.382,29.808,0.244731,0.229027,29.22857,11.22857,11.236,0,18.9,0.028469,0.098,0.074,25.5
"Pint","7/10/2024",0.286,29.43648105,0.236032,0.224645,31.44286,12.67143,11.334,0,18.5,0.019049,0,0.063,22.5
"Pint","7/11/2024",0.096,29.69568105,0.244522,0.222763,32.25714,13.31429,11.334,0,18.2,0.020672,0.097,0.062,43.5
"Pint","7/12/2024",0.191,29.65248105,0.249081,0.221459,31.81429,13.55714,11.431,0,16.2,0.028667,0.097,0.067,36
"Pint","7/13/2024",0.095,29.35871895,0.251608,0.220402,31.14286,13.04286,11.528,0,18.6,0.030646,0.097,0.072,39
"Pint","7/14/2024",0.095,29.15135947,0.245431,0.219886,30.98571,12.8,11.625,0,18.7,0.025532,0.097,0.063,18
"Pint","7/15/2024",0.191,29.48831895,0.24602,0.21962,30.3,12.38571,11.722,0,16.3,0.027048,0.097,0.065,33
"Pint","7/16/2024",0.191,25.92864053,0.244093,0.21938,29.21429,11.64286,11.819,0,16.5,0.029512,0,0.07,45
"Pint","7/17/2024",0.287,24.00191895,0.239842,0.219228,28.95714,11.01429,11.819,0,21.1,0.023923,0.097,0.056,45
"Pint","7/18/2024",0.191,28.80575947,0.246815,0.218081,28.85714,11.21429,11.916,0,16.1,0.030998,0,0.065,33
"Pint","7/19/2024",0.096,28.8576,0.244316,0.216566,28.97143,11.38571,11.916,0,15.8,0.034505,0.097,0.067,16.5
"Pint","7/20/2024",0.095,28.60704053,0.243314,0.214644,28.94286,11.7,12.013,0,16.2,0.035804,0,0.068,13.5
"Pint","7/21/2024",0.191,26.88768105,0.241815,0.213291,29.05714,11.67143,12.013,0,19.7,0.031387,0,0.035,15.3
"Pint","7/22/2024",0.095,28.36511895,0.2524,0.214652,28.57143,11.65714,12.013,0,13,0.023904,0.097,0.042,14.4
"Pint","7/23/2024",0.381,29.09088105,0.256521,0.214946,27.61429,11.12857,12.11,0,13.5,0.039881,0,0.064,10.8
"Pint","7/24/2024",0.382,27.11231895,0.251066,0.214338,26.6,10.25714,12.11,0,20.1,0.039403,0.097,0.058,7.2
"Pint","7/25/2024",0.096,28.34784053,0.251933,0.2152,26,9.557143,12.207,0,16.8,0.030078,0,0.05,3.6
"Pint","7/26/2024",0.382,28.71071895,0.255637,0.216025,24.68571,8.728571,12.207,0,12.4,0.040052,0.097,0.059,2.2
"Pint","7/27/2024",0.287,27.7776,0.250553,0.217539,24.15714,7.842857,12.304,0,18.7,0.032449,0,0.06,3
"Pint","7/28/2024",0.096,23.86368105,0.247231,0.218617,22.85714,7.171429,12.304,0,15.3,0.029253,0,0.051,6
"Pint","7/29/2024",0,7.776,0.263607,0.21917,22.47143,6.8,12.304,0,12.9,0.031241,0,0.022,9
"Pint","7/30/2024",0,25.3152,0.275733,0.223354,21.95714,7.371429,12.207,3.61,5.9,0.029803,0.097,0.042,12
"Pint","7/31/2024",0.192,27.18144053,0.265526,0.226042,21.07143,8.014286,12.207,3.61,9.4,0.035049,0,0.063,15
"Pint","8/1/2024",0.382,27.54431895,0.246168,0.224873,21.54286,8.471429,12.207,3.61,16.9,0.032498,0,0.063,11
"Pint","8/2/2024",0.764,26.34335947,0.227011,0.223077,23.82857,9.914286,12.207,3.61,18.3,0.023996,0,0.048,24
"Pint","8/3/2024",0.476,22.62815947,0.235935,0.221825,24.62857,11.34286,12.207,3.61,14.3,0.026596,0,0.032,31.5
"Pint","8/4/2024",0.286,27.32831895,0.253151,0.221498,24.88571,12.17143,12.207,3.61,11.3,0.037462,0.097,0.069,40.5
"Pint","8/5/2024",0.096,27.35424053,0.266287,0.220661,26.05714,12.67143,12.304,3.61,17.6,0.039778,0,0.07,43.5
"Pint","8/6/2024",0.382,27.61344053,0.252582,0.215801,27.57143,12.64286,12.304,0,16.7,0.040675,0.097,0.059,30
"Pint","8/7/2024",0.382,27.52704053,0.249596,0.212314,28.15714,12.44286,12.304,0,14.9,0.043527,0.097,0.066,24
"Pint","8/8/2024",0.191,25.55711895,0.239285,0.210567,28.3,12.28571,12.401,0,19,0.037844,0,0.061,7
"Pint","8/9/2024",0.191,26.61984053,0.229436,0.209881,27.57143,12.04286,12.401,0,14.9,0.031222,0.096,0.054,12
"Pint","8/10/2024",0.286,26.53344053,0.229823,0.209032,27.4,11.7,12.497,0,15.5,0.026431,0,0.049,15
"Pint","8/11/2024",0.286,26.34335947,0.234089,0.206706,27.68571,11.58571,12.497,0,14.1,0.034682,0,0.054,18.28571429
"Pint","8/12/2024",0.191,25.5312,0.236517,0.204796,26.94286,11.3,12.497,0,14.4,0.023378,0,0.033,21.85714286
"Pint","8/13/2024",0.286,25.95455947,0.241407,0.206707,25.6,11,12.497,0.75,9.4,0.016121,0,0.026,25.71428571
"Pint","8/14/2024",0.287,26.11008105,0.24614,0.207449,24.35714,10.77143,12.497,0.75,7.8,0.034875,0,0.046,29.57142857
"Pint","8/15/2024",0.095,19.43135947,0.234099,0.20994,23.32857,10.61429,12.497,0.75,12.9,0.015223,0,0.026,33.42857143
"Pint","8/16/2024",0.095,21.93695947,0.239345,0.212324,21.67143,10.14286,12.497,0.75,6.6,0.024442,0,0.044,37.28571429
"Pint","8/17/2024",1.822,21.91104053,0.61165,0.211671,20.6,9.571429,12.497,0.75,12,0.412831,0.097,0.161,41.14285714
"Pint","8/18/2024",0.578,25.30655947,0.466231,0.228177,20.45714,9,12.497,12.54,17.1,0.151282,0,0.065,45.71428571
"Pint","8/19/2024",0.192,24.5808,0.316694,0.236513,19.64286,8.671429,12.497,12.54,11,0.0452,0,0.05,51
"Pint","8/20/2024",0,23.43168105,0.292914,0.241349,19.81429,8.585714,12.497,11.79,11.2,0.033778,0.097,0.047,57
"Pint","8/21/2024",0.192,23.30208105,0.279018,0.246554,20.52857,8.585714,12.497,11.79,12.8,0.031318,0.097,0.044,63
"Pint","8/22/2024",0.096,19.2672,0.331844,0.252157,20.27143,8.714286,12.497,11.79,10.2,0.073746,0,0.058,69
"Pint","8/23/2024",0.192,12.66624053,0.409185,0.271291,19.87143,8.4,12.497,25.27,6,0.060343,0,0.041,75
"Pint","8/24/2024",0.384,15.40512026,0.348636,0.286346,18.51429,7.757143,12.497,29.75,7,0.04443,0,0.034,81
"Pint","8/25/2024",0.193,22.7232,0.32148,0.281055,16.62857,7.342857,12.497,17.96,6.8,0.043572,0,0.048,87
"Pint","8/26/2024",0,23.76,0.300993,0.279538,16.71429,7.085714,12.497,17.96,13.4,0.040117,0,0.058,93
"Pint","8/27/2024",0.096,19.75104053,0.29049,0.279722,17.51429,7.157143,12.401,18.16,16.3,0.030066,0.096,0.033,94
"Pint","8/28/2024",0.097,24.48575947,0.290762,0.279399,16.64286,6.5,12.401,18.16,11.3,0.045319,0,0.063,90
"Pint","8/29/2024",0.096,24.22655947,0.278074,0.274813,16.87143,5.442857,12.401,18.16,19.2,0.052082,0,0.062,81
"Pint","8/30/2024",0.096,23.92415947,0.268714,0.25532,18.41429,5.514286,12.401,4.68,16.3,0.056321,0,0.068,72
"Pint","8/31/2024",0.096,23.43168105,0.253121,0.240937,21.11429,6.414286,12.304,0.2,19.6,0.049599,0.097,0.059,72
"Pint","9/1/2024",0.289,20.52,0.240722,0.229563,24.05714,7.785714,12.304,0.2,17.8,0.042428,0,0.046,77
"Pint","9/2/2024",0.192,21.57407974,0.247329,0.222436,25.58571,8.657143,12.207,0.2,18,0.036345,0.097,0.031,87
"Pint","9/3/2024",0.192,22.51584053,0.255774,0.216109,25.02857,8.9,12.207,0,10.7,0.039641,0,0.043,93
"Pint","9/4/2024",0.096,22.5504,0.255736,0.210287,26.14286,9.785714,12.207,0,12.9,0.051047,0,0.067,94
"Pint","9/5/2024",0.192,22.23071895,0.234413,0.205269,27.28571,11.28571,12.207,0,16.7,0.043543,0,0.046,99
"Pint","9/6/2024",0.287,21.71232026,0.23464,0.20271,28.11429,12.4,12.207,0,14.3,0.040165,0,0.036,91
"Pint","9/7/2024",0.192,19.7424,0.226431,0.201642,28.47143,13.37143,12.207,0,15.3,0.030385,0,0.032,75
"Pint","9/8/2024",0.191,21.0816,0.237599,0.20263,27.94286,13.44286,12.207,0,13.6,0.032386,0,0.041,42
"Pint","9/9/2024",0.096,21.11615947,0.239688,0.201109,27.45714,13.45714,12.207,0,14.5,0.039348,0,0.047,52.4
"Pint","9/10/2024",0.287,20.8224,0.236946,0.198542,28.01429,13.55714,12.207,0,13.9,0.038785,0.097,0.044,106.2
"Pint","9/11/2024",0.288,8.182079736,0.28823,0.201327,27.97143,13.44286,12.304,0.3,13.4,0.064046,0,0.038,203.4
"Pint","9/12/2024",0.191,10.48032026,0.294805,0.212252,25.71429,12.85714,12.304,7.67,5,0.027463,0,0.031,300.6
"Pint","9/13/2024",0.096,19.9152,0.270767,0.217185,23.08571,11.57143,12.304,8.21,4.9,0.041755,0.097,0.042,397.8
"Pint","9/14/2024",0.192,19.2672,0.255645,0.22127,20.97143,10.02857,12.401,8.21,11.3,0.031006,0,0.041,532.4571429
"Pint","9/15/2024",0.096,20.088,0.289253,0.227733,19.2,8.785714,12.401,10.95,9.9,0.038803,0,0.035,704.5714286
"Pint","9/16/2024",0.289,15.61247974,0.273892,0.230863,17.25714,7.7,12.401,10.95,8.5,0.051641,0,0.044,914.1428571
"Pint","9/17/2024",0.385,15.44832026,0.265534,0.23647,16.01429,7.071429,12.401,10.95,9.6,0.028121,0,0.028,1123.714286
"Pint","9/18/2024",0.193,18.86112026,0.256681,0.236974,14.77143,6.928571,12.401,10.69,5.7,0.028969,0,0.033,1333.285714
"Pint","9/19/2024",0.097,19.15487974,0.257137,0.23143,15.24286,6.728571,12.401,3.32,9.7,0.028605,0,0.037,1542.857143
"Pint","9/20/2024",0.097,19.21535947,0.261693,0.231317,16.01429,6.4,12.304,2.78,12.6,0.033468,0.097,0.037,1752.428571
"Pint","9/21/2024",0.289,18.19584053,0.266967,0.229333,15.52857,5.914286,12.304,2.78,11.3,0.056221,0,0.061,1803.642857
"Pint","9/22/2024",0.194,18.39455947,0.264395,0.223573,16.05714,5.571429,12.207,0.04,16,0.05426,0.097,0.056,1696.5
"Pint","9/23/2024",0.194,15.32735947,0.255064,0.221785,17.25714,6.114286,12.207,0.04,13.1,0.045333,0,0.051,1592.25
"Pint","9/24/2024",0,17.74655947,0.243691,0.216843,18.08571,6.642857,12.11,0.04,11.7,0.04087,0.097,0.046,1649.25
"Pint","9/25/2024",0.194,9.927360132,0.334978,0.213967,20.34286,7.5,12.11,0,15.5,0.127399,0,0.061,1867.5
"Pint","9/26/2024",0.097,17.34047974,0.329856,0.217662,20.78571,7.285714,12.013,13.58,14.3,0.075456,0.097,0.053,2085.75
"Pint","9/27/2024",0.097,16.82207974,0.264899,0.216908,20.85714,7,12.013,13.88,15.1,0.041956,0,0.043,2162.25
"Pint","9/28/2024",0.097,16.70975947,0.260138,0.218174,21.62857,7.971429,11.916,13.88,9.9,0.040526,0.097,0.046,2097
"Pint","9/29/2024",0.096,17.77247974,0.267525,0.221036,22,7.957143,11.916,13.88,18.7,0.037358,0,0.035,2214
"Pint","9/30/2024",0.388,17.3232,0.271671,0.221475,20.74286,6.928571,11.916,13.88,11.5,0.058866,0,0.059,2100
